metric,control_mean,treat_mean,delta,delta_pct,ci_low,ci_high,t_stat,p_value,cohens_d,effect_size,exceeds_mde,stat_sig,prac_sig,verdict
NDCG@10,0.22578643878362772,0.46001833353581373,0.234231894752186,103.74046155147829,0.21608443130759547,0.2522069525322907,25.42032215139163,9.570869675325866e-124,1.1374002036367754,Large,True,True,True,Ship It
Frustration Rate,0.273,0.11,-0.16300000000000003,-59.7069594882529,-0.194,-0.129,-9.463515455832953,8.064710616406595e-21,-0.42343304568628015,Small,True,True,True,Ship It
Hit@3 (label>=3),0.073,0.372,0.299,409.5890354850817,0.266,0.333,17.217248030055934,4.726883357263586e-62,0.7703640159814328,Medium,True,True,True,Ship It
